id,sequence
1,GGGGGCUCAUUCUCCUCGGGCCGGAUAUUGGCUUAGAUGGCUCGUGUGUGUUACGCCCCUUAGAUUGCUUAUUCGUGUGCAGUAGUCAAAAGUCAAUUCCUUUGGACACAUGGCAUUAGGAAUCUAGUCGUUUCUUCGUGUUUCAAGCGGAGGCCAACCGUGUCCUGAUCGAACUUAUAGUGGUGACCUUCCCGAAACCCCUCGACGAGCUAAAUAUGCUUCAUGCUUUUACUGGACACGCAGAUCCCCCCGAUCUAGGGAAAACCUUGCAAAACCGCUUAUACAAUCGACCGAGCUACAAGGCUUGUAGCUUGGUCAUCCGUUCGUAUGCGAGAAUACUCUGUAUACGGAACGGAGUGCUAUGACCGGAGCACCACUAACGCCUCCUUCCCAUCAACAACUCAUGCAGGAUGAUAUUUCGGUAUACACGCCAGGACGGAUUGGGGAGGAUGCACGUCCGGACCUUGCCCGAUCCGAAGGGGCCGUGUUCCCGGUAACGGCGAUAGGUCCUUCGACAAGUGUAUGUUGCGGAAACUGCGCCAGGGGCUACAUUCUUUCUUGUCUACCAUCACCCAAGGGAGUGGUCGGCAUCUAGCAUGA
2,UAUUACUGGUCAAAAAGUUAUCACCUUAACAGGUGUACACUUCGCUCGGGUCCGGAGUGCAAGUCAACUGCGGCCGUGCAAGUCGUAGUUUAAUAAUAGUGAACUCUCAUCCGCGAUGCCUUGUGAAGGUGUACCCUCGCUUAGGACUGGCUGCACAAAAGAAGUACAGCUGAUAAGCUGCGCAGUGUAUAUCAAUUCAGGAAACAAAUCCCAAUACCGCAGAGUUCUGGUAACCAAUUGCCAUACGUCUCAUAGCUAGAAAAUCGGAAAAAUCCAACAUUCGCUGAGACCUCGUGAAACCCGACAGAGCGCGCCGAUGGCCUUCACGGGAGACGGUCGCAUAUAGCGAUUGCCUCUAAAGAAUGACUAGUACCCGGUUCCAAACUACCAAAGGUCUGUGCUCACUCACACAAUCGCGUCGCACACAAAACGCAUACUCGACCUGUCCAGUCAUAAUUCUCGUUAAGGUGGCUGCGUACCUUUGAACCCAUGAGUUCACGUUGACGGUUAGCAACUAACCACAAGGGGCGUCUGCUCAGACGGCGUCACUGAGUCCGUCACACGCCCCGGGACGAGAAUCUUACAUGCAUCACACAACAA
3,CCUAUCACUAAGACGGCUGCUGGCGAAAGCUUCAACGCAUUAGGCGGUAGCACAAUGUCUUCGUAUUGAACCGGAGAAGUACAGCCCCAGCAGGUGGAUUGAGUACAUUACAUGGCGAUUGACUGCACGGCUCUCUUGGAUCUCCGACUCAACCGACUGAACUUCCGUUUUGUAGGACCCUAUUAGCGUCUUGGAGGAUAUGCAAGUAAAAGCCCCCUGUCGGGUGUCGUAAUAGAUCAUCACUGUUUAAAAGUAUCAUUAAGUGUGUUAGUUCGAAUCAUACCGACUACAGUGGUAGCAGCUCUCCCCAGGUACUGGAAUGGGUGCCAUGAUGUCUGGCCCCACGUGUUAUGCCCCAUCCCUCCAUGUGUCAUGCAUGGUCAUCAAGCGUGCAUAAGUUUGCUUCGUCGUGCCGGUACCAGUCAUACGUGUAAAGCAGAGUCCCUCACGGCCGAAUCAAGUUACGCGUCGACCGGUAACCCAAUAGUAAGAAUAAGAUGGCAGGGAUGGAUGGUCGCCCUUCGUCUGCGUUAGUAGCGGUAUUUUGGUGACUCGGUUGUGACCACUUUCAUGUGCCAUUGACCCGUUGGAUCUUAACCC
4,UCAAUAAUAUGCGGACAGUCGAGAGCCGGCCACUCUAUUGAUGAGAGAACAGGCCAGCGUGACGAAUCCUUGUUUGACAAUCCAGUGCGUGUGACGGAUAAGAUACAUUCUACUGUAUCUCGCGUUGUUGCUUGGGAUGCGUGGGGAACGUAUCGUUGGGAGCUUGUUGACGUUUCUUGUGACGAAUCGAGAUUCUCGCCACUCCCAAAGAGGUAGCCGAAAGCGCUGUGCUACAGUUUCAUACUGGUCUUGAAUUACUUCUAGCCAGUAGUCUGGUCAAGACCAGCCUUUUUUGGGUUUGAGGCGACCCUCGAAGCUUCUUUUACGGUAUGGUAUGCGCAAUUUUUGAUCCAUUAACUCAGGCCAAUCUUUCUACAACAUGCUUGAAAUUGUGUCUCUACCCGACCGAACCGCGACACCGGACACUUUUUUACGAUGUACGUUUAAGUUUGCUCCUGCUAUCUGAGUGAGCAUCGCGAUUUUCAGCGUAAGCGCUGAGACUAUGAGUUGAUAUCUGCCCCAGCGCACUCAGCACCUACCGCCGGGUGUCGCAUUUGCUGCUCGAAUCGAGGCCUUCGAACCCAACUCAGGCCGACCCGA
5,CCCGAGAUGUGAUGCCUACCUUCUACGUUGCAUGCUGUACAAAUAAGUUCGGCCGCAAGCGUCGCUGCGUAUAAUGGAUAGACCGGCUACCUACCAUAUGCCAGUGAAAGUUGCUGAGGGACUGCGGCGUGCAUAGAGCAACCCGCCUGCCCAAUCAUAUUUUUAGCUAUUCGUACUGCGGCUUGGCAUGCAUAGGGGGGUGAGCAGGUCUAUAGGCGGAUCUUUCGUGGCUCUGCCUAAGAGUGACCACUCGCUAGGUGACCCUAAUAUGGGUAGAACCCUCCUCUUCUUACAGGACCGCUACACCAUAACUAGAAAUCUAGUGCGUUAGAAAUUAUCCCGCUGCCGGGUUUAUUUAUGGGUCAGCCCCUUACAAACAUUGGCGCUAUGUCCUCCACACUGACUCUGAUUGCUAUUGCCUCGGUUUAGGUGUUACUUCUGUGAAGCCUCUCAUACUUGACUAUAGCAUACAAACUCAAGCGCCCCGACUGCUUUGUAAAGUAGGUCAGCCUGUUAUGUGUCUUGUAGCUUAGCGUCAACAGAUAAACCUUCCAACUUGUCUGAACCCGGGAGUGUGAAGCCCAAGGAGUAGUGUCCGUU
6,AACGGGCUAUCAUAAAUCUUUGUUGGGGAGCUGUCCCUCUAUGAAAGGUCGCUAGGUCCAUUAUACGUGUCAUAGCUUAACAAUUCGACGGCCGGUGCUCGGCAACUGGUCCUUAAGAUGCAAUGUACAGGCACACUGAUGGGUCAACCCCUGUUCCAACCUAUUCUUCGUGAGCUUGUGUAAUGGUUGAUUGGCGCCACCCGAACUCGGUGCCGUAGCCAACGCUUAAGUCGUAGGACCGAUCAAUCCACGCUUACUAUCCGCGAUGUGUCACUUGCAACAUAACUUUUUAGUCUAGUGACGUAAAAGCGACACUCCUCCUACUAAGAUCCCCCUUUUCAGUUGCCCGCCACGCUUUUAAGCCUCAAAGGCCUCCCAACUCAGAGCUUAAUGAGUGCCCCCUUUUGUCUCAUCUUUCGCGUACCAUGAGAAUGCCAUGUAUCCGUGCCAGCGGAAACUUCAAGCGCCAUUAUCGUGGGAAUUUUGGAGUCCACCGGCUUGCCACCGCCUAAGCUGAUUGCAAGUACUGGCUCCACUAGCCACGUAUCCAAGGAAAACUCCCCAACGUGGACCCGAGCCCUCCUUGUUAUGUUCCCCAGU
7,GUACGUUAUGCUACAACUCCCCAUAUAACAACUACAGCGCGGCUCGUAAGAGUACUAUAAUACAGACAGCUGCACUUCCGUUUUGCAACCGCUGCCAACUCAAAGUCGGGCCAUUUACAUUAGUUUUGGAUGCACUGAAUCGCGAACGCUUGGAGUGAUGUACUUGUCGUUCGGCUCACGCACGAGCAACAGAGAACGGUGUGCGAGCGAGCACAGAGGGCUAUGAUGCUCAGUUUCCUCCACGGCCCGAUUCCCCGCGUAAGCACACGUGGCCUGGGCGUGCGUGCAUGCACCAAAAGCAUUUUGUUAAACCGCGCUGUUUCCAAUCAUCCAUGACGAGAUCACGCUGUCGCAAUUUGCUUCAAUUUUCCUGCGCCAUCUGAUCUAAAUUUUAGGGCCCAUGAGAGGGUGUAAGGUGCAACGCGUUUUUGACCCCCAUCGCAUUUUAUUAUGAGGUCUGUACCGUGGCCAACCAAGGGAUCGACGCCUGUCGGCCGAUGGGAGGCAGCUUCUUGCGACUGUCCUUACCUUCUCGUAGAUAAGAAAGUUUACUUCGAGCUGGCCGCGGUUAGGACGAAACAAUUCGUGUCCUGGCUCACA
8,AACGCCCCUCAGUCCCGCCAGAGCGUUAUAGUUGAAGGGGCAGAAGCGGGUCAUAUUGGUGUGGUCACGCACUAGAUAACAAUAUAGCUUAUAGUGAAGUACUUUCCACGGUGUGGGCUCCGUGGCAUGUCCAAUCACUUGCUCCGAGUCAUAGAGUUUUUAAUGGGGUGAACCAGUGUUCACCGUUCUCAUAAGUACUAUGCGGAGACGGUCCCAGAUACUUAGCUACGAGGUGACACCACAUAUCUAUGCGACGGUCUCUGGCAGUUAUCAGGCUGGCUCUGGUAUACUGCAUCCAGUUCUAUGUGGGGCAGGUUUUCCACAGUUUGACACCUAUCUACGAACUCACUCGCGUAUGGUGUGAGGGAGAUCCAUCCAUCGCGACACAACGACGGAUUGAUGCUCGUAAUCAUUACUCUAUCCUCCUAUUGUGGCAGCGAGGGAGCCCAUCUGCUGCGUGCAGUUAUGAGCAUACGUGGGUCCGAACAACCCAUCGAGAGCCCACUAAGCGUUAUCUACCAAAUUUUCCUCUCGACGAACUAGACAUCAGAGGGCGGCGGUUUCUGGGCAAGGCAUUGUCGAGUGUAACGGUAAAUUUCC
9,CCGACCCUCCUUCUUCAGGUAGAUUAUGGCAUCAAACGCUGGGAUUCAAGCUCCGCCAGUAGAUCUCGGGCGGAUUUGCGCUCGGUGAUACCACGAUCUACAUUGCCCGGUGUAAGUGCGGGUACACGUGAGGCUAGGCUCAAAAAUCGCCCCAGGCGGCGGUAACUACCGAGUUCAUAAACGUUCAUGAGGUAUGAAAACAGCGAUAUGGUUAUAUCGGUGACGCGCACACGAAGAGCAUUCGCCUAACUACCACACAUUUUCUUCUGCCAAGGAUGGGUCCACCGUUCUCCUGGAAAUGCUUACGGCCCGAAUCCUGGAACAUACCCAGGAAUACCUUGUGCGAGGAGAUAACUUAACGCUCAUUUGGUUCCUUCUCAUAGUGGUCUGCGCUGGGUCUGCAGAACCGGGAGCCAUAUUCCGUGCACAACUGGGCCGUAUGUUUAUGGGGGCACUGUUCGAGGGCCGCCUCACCUACUGAUCAUCCGAUCUAAGGGGGACUGGCUAGGCGGGACACAGGAAUUGGAGUGGUCGGGCCCUAUGUGUUGGGUGCAGCGACACCGUCCGCCUGUGGCCGCCUUUAAGUGCAAUGCGGGGUCC
10,UACUCCGGAGUCGCUGCUGAGAUCUGUUAUAACAGACACCAUCGGAGGGCUAUGCGGUUGUCUCUAGACGCGGCCACCGAUUCACCAUGUCAGAACAGCGGAGAGCACCGGUAGCAAUUCGGGAUUUACCUACUUUUUGAACAUUAUGUGGUUAAAGACAAUGUGCUCACCGCAAAGUUGUGCAAGUAAGCGUAUUUAGCUGGAUCAAGGGCCACUGUUAAACAAAGCCAUGCCUGUGGGCGACUUACGGCUUGGCCCUCAGUUUACUAGUAGAAAGAUGUCUUCAAGUGAAAGUAUUACUCCCUAGUGACUCCGGACAAUCGGGCAAGCAUUGUUUUAUACAAGCUAGAAAACUAAAGGACCUAUUUUGAUUCGUGGUCUGGCGAACACUAUGGACAACUAUAAGCAUUAAUUAACAGCCGCUUAAUAGUUAGUAAACUUUGUACAAGUACUCGAUCUGGCCGAUGAAACAGGUCUUGGGCUGAAUCCAUUGGAAUCUAGUUCUGUUUUCAACUUGUGCGAGGGUACCUGGGUUGGAAGGAUUCCUUCAAGUUUCUGCGAUCCGGGGCGGGCCAAAGAACCCCACAAGCACGGCCUCUU
11,CCCAACGCCACCGGUGAUAACCGGUCGCACUCGCGGUUCAACACGAGCAUCCCGAGAAUUUCAACAUGAGUGCGUCUCUAUGGUCAUCAAUUGACAUCCCAUAGCAUUUGAACUGCACCCACUACCCAACUGGCUAGUGGAGAUUCACGAACAUUAUGGAGUCCAGUUUGGUCUUAUCAUGAAACACCAUGGGGGGCUGCGACUCGUCUGCCGAGGUCGCGUGCUAGUAUAAUAGUAGAUGUAAUGGCUGUGAGGAUCUCUCGUCUACUUGCACAUCAUAUUAAGGUAGGGGGGUCGCCUCGGAAUUCGUCCUCUGCUGCUUGCUCCAAUUAAAUAGGAUUUCAGGAACAGCCCACUCAGUAGGGUUCAAAUACGGUAACUUAUCUCAACAUGAUAGUGCGCCGCGUUGCGAACAUCAUUUCACGUUGCGGGUUCAACCGGUACCUGGCAUCGCCUCUGUAUGUCUGCAACUCUGACCCUUGCAUGACUAAACUUUACCCUAGUCUACGGAGCUUGACCGUCCUCAUGCCUCGGACGAACCGGUUCGACUGCCAACUCGUCGGCGGGUGGCCAUCGUGAGGACGCCGCUAAUGAGAUUUU
12,UAAAGUCGUGAGAACGCCGAACAUAUAAGAGCGGUUGCACGGGCGUGGAAUAGAGUUUCUUGUGCUUUAGAACAUUAAUGUCUCUAGAUGGCCAUUUUUACUAAAAGUAGCCGAGUUCCUCAGUUCUGGUUUACGGUUUGCGCAGGGUUAUAAAGCCAACGUAUUCGAGGGGAGUUUGUCAAUCGUAAAUCGACGACGGCAAGGCUAAAUAGGCCGGUACUCUCUUGCUGCCACCGAGUACGAAAGCGCCACUGCUGGUUCCGAUGCACCUGGCUUCUUACACGUCGAAGUGGCUCGCUUGGAAUACUGUCAGGCGUAAUUACAGGAUUUGAUCUAGGCAAUGUAUCACGAGUAUUCCCCGUUCUUCUAACCAGCGCUAAGUAGCGGAUUAUCUGUUUAGUGUAGUUCGGCUUUUGCAAUCCCCAGGUAAUCUUCGGCGGUUAAAUCCCGGCUAGAACGUUGCCGUCAUAAGGGCUGUUGCAUCUGGAGCAGGUCCAGAAGCAAUCGUGGAUGGAUACCGAACUAUCGCGCCUAACACCCAGAAGUCUGCUUUGCUCGGGUCACUUGACAGCCGGGCUUCGAAUAAGAGCCUAUCGUGUG
13,ACAUACUUCAAACGGUGUCAAUUACGCGCUACUUAGUUGUUCUCUGCAAGUCAAUUGACAACGAAGUUAUUGUUGGGAGCCUCGGGCUAAAGGCCUAUGGAACAGCUUGGCACAUAGCUAAGACAAUAUCCCUUAAGUGUUAAGCCUCUCUUUUGUGCGCGGCCGAGUAAUGCACUUGGACGCGUUACCCUGUCGGUUUAAUCACCCAGCAGACAGAUAGAGAGCGUUUCUUACAUCAUAUUAGCAAAGCUAGUCGACGCUAUACCAGGGUCGAGGCGGGCUAAACCCCGUUUGCUUUGCACUUGGGCCGAGGGGACGAGUCCUGGGAACUAGACUAUAAGGAAACGAAACUGUAGAACAUCCCGGUGCUUCAGGCGGCUGGACAGCACGACCCCAGAGUAUCAGCCGCUAAAGCCCAAUUUCGUUCCUUUGCAGGUCGAGCUCUCGGUUUUUUCACGUCAGGUCGUCAUGUUAGACAUGCCGGCGGUCCUCCAAUAGUGGAAGGACCCUAGGCGCCUCUUCACCAUAUGGAUGAGGCGAUAUAUGGAUGCAAUUCUAACGCAUGGGGCUCAAAGAAGUCAGUUGCUAUGGUUAAUCCGU
14,AACUCUUAGCCCGCGGACCAUACAGAAGUUAACAAGUGUAAAAUGGAGUGUUCCUGUGUACUGCGGGACUCAGCAAGCAGAAAUGGACGGUGUUUUCAAUCCGGCGAACCCCUGGGGACGAUCAGUAUUAGUUCCUAAGCCAAAAGUAGUUUGUCACGAAUAAUCGAUCUGUGUCAUCCAGCAAAUACCUACGACUCAGGGUUAUAAGUACUGCAUGUAGUCUGCUACGUGCGCACUGUUAGACACGGUGCCAAACGCCGUUGGCUCCUCCCAUGCACUUAUAAACCAACGAUUCCGAGAGGCGGUAUAAUUAAGAGAAGUAUCGCGCGAACAAUGAAGCGCGCUUGUGUUGUUAACGCUACGGGGAGACCAGGACCUAGACCGGCGGUAAUGCUCAUUUCGCGAGUAGUGAGGGCAUUUGACAAACAUUUGGGUAUUAGGAUCUUAGCCAAGGAGAAGCCCCUUUUGGCCCCAGAAUCCAUAAUCUGCCCAACGUAUUACCACAUUCCGCCACAGGGCCGUGGGCGCUCUGUACACCGUCCCAUCGAAUGUUCUGACUCUGUUGGUUAGGCUAAGACAUGAAUCUUAUCUCUUGCAGUA
15,ACAUCGAAACUUUUUGGCCAUCCGAUUGAGCCGCUGAUUAUGAGAAAUGCUAAAUUUCGACAGCUAGCAUGGAAGGAGCUAAAACCCUAUGACCCGUGCUGGUUGAGCCCCCGCAACCCAAUUUACGACACCUUGCUUCAGAAUGAACGACCUAAAUGUUUUAGUCCAAACAGCUACUGCUGUGCUCAGCCCUGAAGCAUUUGAGGCUAAGACAUACGGACAAUCUGCAGAACUCAACGUAUUUCUAUUCGUAUCACACGAACGGGGUGAGGUAUCUCUUCAGGACACGCAGGGGGCAUUUUUAGCCUAUCUACGGCCCAUACCUCACACAGUACAAAUCCGGGGCGGAAUAUUAUAGGAGAUGGAUGUUAGGUAUUUCGCGCUAAAUGCAAGGGAUAUCAGUAAACCGGUUUCCUGGUCGGGGUGCACUGUGCAUCAUGCCGGCCUAUGUCGCGCAAGGGUGGCACUAUCUCCCGUAUAUAGCUAGCGACCGCAAAAGUCUAGUAAUCUAAUGGUUAUUAUACCUUCGCAAUGUUACGCUUGCGGCUUAUCUUACCUUCUGCACGGCGCUUAAAAAGCUUUGUCUUUUGUGUACUUAAU
16,GGGCCACCUAUUUCCAACGCAGUAAAGUAACGCAGCAGUCAGCAACUUCAGGGGCGGCAGUAAACGCAGCUCUGUUCCCCAUUGGGGAGCGUGAAGUCUUGAGAUCACCAGUACUAACCUUACCGUGGACGUGGUUAUUAGGCUGAAUAACACAGGAGCGGGAAUAAGCCGAUGCCCCUUAAUGCGAAAUAUUCCGGUCGGCCACGACCAGCUGAAGGGGUUCGAGUAUAGGGGCUGCGGUGAUGGUCCGAAUGCCAAAUACUCCUGGAACAUGUUCUAUGAAACCUGUAUCAACGGUCAUGCCUGAUUGACGCGAUGCGCUUAUCCCCCGUCUUUAGGUCCGGGUGAGGAGAGGUUCUUAGCCGAAACUAUACUAUCAACUAUCCUAAGUGGGUCUUAGGGCUUUCAAAGGCCAAUCCUGGGCUAAUUCGGGUCGCCUCACCGAAAUAUAAUUGCCCCCUAAACAACACUUAUGCGGAUACGCCGCUUGAAUUUAGAGUGCGAGUCCGAAUCCGGAUCACCAUGUAGCUUAAAGCCAACAGCUAACCCGCACGAGGUUCACGGAUUUGAGGGUGGUAGGUGGGGAUCUGCUACGCGUUU
17,GUUUAAGCUACGUGCUUGUUCCCCUAAAGACCUCCGGAAUUACGUACAGUCAUAUACGUUCCAAGGCCAUCAAGUGCCUGGCUUUAAACAAAGUUGAGUUAAGCUUGCUAACAAUAGACCUCUGCUGGCAACAUGACCUGAUUGGAGUAGAGGGAGGGAGCCGGAGGCUAGUAGUUGGAGUUGCUGAUGGCCAGCUCUUCUGGCGCGGGGAAUUUCCUACGCGAACAUACCUACAAAGCAGGGCAUCAUGGGCGCUCACAGAAAUAAGGCUCCGGGUUCGCUUUAAAAGUCCGAAGAAUUCUAUGCUCGCGGAUGUUGACUGGUUCUUCUGAUUCUACUUGUUGCUCUGGUAGUCUCCGUUAUAGCCUUUAACAUGAUAGACCUUAUUCUCCUCUCCACGACAUAGCGGGUCUACGCCGCAACGACAUAGUUUCAUUUCGCCUGUUGAGCUUGGCUAGAGCCUCACUUGAGCUCCACUACUGACACUUAACGUAGGAUCUGGAGGUCCCCUUCGGGCUGAAAGCGCGCCGUCGUUCUUAAUUUGGAGAUACUUCAAGUGGCGAACUUUCUAUCGUAGGGUAACAAAAGGGCCCAUCGCCU
18,GACUCCUCCUAGGUCAAACUUCGCGUUGACCCUGUGUUUUCGUCGGUAGAUUGUAUCGUACCGCGCUCAGCUGUCACACAGAGGGGAUUGCUGUAAAUCCGAACGUUAUCGUAUUUCUGAACCCUAAAGUUGGCCAGAGUCCCCUGUAGUUGCUCACUCCUCGCGGUUAAGCCGGAAGAGGCUAUUUUUAAGUCAGGCGCGCGCAACCUAUUCGAUGUUAUUAGGUGCGUGGAAUUAAUAAUCGGGGAUCGUCCACCGCCCCUGCACUCAGUAAUCACCGUCGCUGACUGUCGAGGUUCUGUCCGCAUAUGAUCAUUUAGUCUAGACACAAUGUAAUAAUAGGUCUAGCAUAAAUCAACACACACUAUCAAGAUUUCGUAGGGGAGUGUCGUCAUCCUGAGGGGAUGCCGAGCCUGCUGAACGCCCCCGGUUAUCUUCCUUGCCAGGGUUGUCGGAACCUCGCGUUCCCUGGGACGGAUUGAAUUCAAUCUACUCGCAUGGCUCAGACAUAAAGACUUGGGUAAUUCUCCGCCGCUGGCGUCUAAGCGUCCGUUUUAUAUUGGAAGAAUCUUGACGUGAUGCGGCUGCCCUAGCGAGCGG
19,ACCGUCCCAGGAAGGGUCAGAGGCCUACGAGUUGAAAUACCUUCUUGCGGCACGCCCAAACGCGUGAUAAUACGAAGAAGCCAAUAGAGGUGUGGGAGGUGUUUUGCGGGGCGGCUUGUAGCUGAAUGAGCGUCGGAUGCACUCCACGUAUUUUUACCAGGGAGAGAUGUUGCUUGUGCGUUAAGGUUUUUCUAUCCGGUCUUUGUGGGAUUAGGUUGGCCAACCGAGCCUCUCCAUCGGUUACGCUAUUGGUAAACGUCUUGAUUAGAGGUAUAUAAUUGCGCCAGAUCACGCACGGAACCCGCGAAGGCAAACAAUGCUAAGUAUAUACGCCGAUAAGCCUCUAAUUUUGUCGAUCUGUUAGCGGGCAUAUCGUCCAAAAGUAAGGCAGCCUCCACUGGAACUAGAGUAUUUGUGUGAGCGUCCGUUAAGAAUUUUCGGAAGUCAAAAGGACGCACUUAUGGAUGACUUGAUCUAACAAAAGAUUGGUUUGAAUUGCAGAAAGUUAACCCCAAAUUAGUUGCAGUAGAAGAGGUGCCUCUACCCAUAACCGCUCAGUCUCGGACUAUGUCGAAUGUCUUUGGUGCCUUUGCCUUCGAA
20,CUUUUAGAUAUACAAUCAAACAGGAGAGAACUGUGCUGACAGAUUGAGUGGAGUAGUCCGGGCUCUCGCCUCAAUGAGACCGCCGAAGUGUAGUCUAGGAAACCCUUUAAUGUCUUUACUUGGAUGUUUCUAGAAGGCAACGUAAGUGAUGAUCAAGAAUGCUGAUCGCCUUAGUUAUACCAUGCCGCUACCAACCCGUAGGGACCGAGUCCUCUUUUAGGUCGACGGCUUCCAGACACAGCUCACACAGGGCCCUUUCGGAUCCGUAUAGUCAGAAUUUAUUCGGAAUCCUUAAGUCCUACGUGGCCAGUCCGACUCCACCUUAAAGAAACGUACGAGGGCCUUGUCGUUUGGUUCAUCUAGAAAGCUUGAGGGCAACGCGAGCCUACUCUCCAGUCACCUUUCCGACACACCCCUGCGCGAUGCGCGAUUUGGGGAAAUCCAGGGGAGGAAGCGGCAAGCGCCUAGUCAUCAAGGUACAACAUGAAUGAAUCAGGUAGUGAUCUAUUUGAACCUAACCAGCGGCCCGGGUCCACUCGCUAUCUAUUAGAGGUGAAGACGUCCGAUGUGUGAAAACGAACUUCCACGUCUUGAUAUGCG
21,UGCUUCCCUGGCAACUAUUGCACACUGUCACUGGUUACCUUGGAUGCUCCGCGAUCGGCCAACGAUCCGGAUUGCCAAAAAAUGGCAAAUGAAAUGUGUAUACCAGCGCUCGGACGGGUCACGCUUGGAACAGCCCGACGAUUCCUUCAAAUGCGAUCGUUGAGUUUGAGAAUAGAACAUUUUCCUCCCGAUCCAGUGUUGUCUUACCUACGGUUUUUCCUCCGCGAACAAUGAGAGCAUGGCGUGCGAUCGGGCGAGCCUAAAAUAAGCAUCAGCACAAGUCAAGUAGCUGAUAUCUGCGGCACAGAUCUGAGGAAUACGGAGCCCCAUUCUUCUAGUUAUGUAUCAACCCGGGGUCUAGGGGCUGAAGGGAGUUUAAGGAAUUGCGGGAGCGCGAACCGACUUUAGUAACAAGAUAAAUUUCACGAAAUGGUAAGUAGGAGCGUGGACAGCGCCUCCCGACGCCGGUGCUGAAUGGAGUGCUUGCUCCCGCAGAACGUUAUUCGGUAUUAUCGCGCACCGAGGUCGGCUAUCAUAUGCUCAAAAUCAGCCUAACUCUUUGAGAAUAGCCGGCUAAAAGGGGCAGAAGCCCUGCCAAAG
22,AUACUAUCAGUCGCGAACCCCCUGUACUUCAUCAGAAAGAUUUUUCUGGAAGUACAUGCAGACUGACUUAAGGUGGUCAAUGACUCUGGCGUUGAAGUUCCACCUAGGCCCAUACCUCUAACCUUUACAAAUUAGAAGAGCAUGUACGGCUGUUGAUAGGCGGGGCUCCCCGUUGCUAUAGUGCCAUACCGACCUUCAGAUCAUCGGAGGGUUUCUGGCAUUCAUCCUACCUACUCUUAGGCCGGGCGGCACCCUUAAGAGUGGGCUUGAGAGUAUUUCACGCUUUGCUCACACGGCCGAGAGAACACUGUUGACCUGGGCAGGGCCAACUAGUCGUGCACACCCAACGAACAACUCUAGAGACUGAACGGGCCUGCACCAGAACGACAUGUUAUACCAAAUCAAUGCGCUCGCGUACAGAGAAGGUGAACUGAUUCUGAGCGUGCAAGACGUUAUUUUACGCGUAUAGCUAAAUAUCUUGUUGGCAUUCUACGCUACAGAGCCAAAGCUCCCAUCUGGCGCCACCGCUGGUCUUGAGAAAUCGAAACCCGAGACCCUACUCGCAGGAUUUUCCGUUUUGUUAGCUAUAAUGACCGCCAC
23,GCGAGCUGGUUGAACUGCUCGGGUACUUUAUUCCGCAUGAUCAAGUUGGCGAUUAAUGGGAAUAAGUCAAAUCCUAAUACACUCGCAGAGGAAGAUACCAAACCCUUUCCUCCUACCCGAUAAGUCCGACGAUCAGGUCCCCCUUAGGCUGGAACACCACGGACCGCUUGGUUACCAAAGCUCCUGCUCCGCAGGUCUUGUGAACCAUUUGGUGGAUAGGGAUUUUCUUAUAUUCCAACACAAAUAGAUAUCCGCCCCGGGAAUGAGCCUAUGCGGGUCUAAGGACUUUUGUUUUACCUCACGGCGCAUCAUAUUAUAGGAGGGGCAGCCGUAUGUCCGAACGCUUCUUGUCGAGGAGUAGAUACUAGAUCCGAUGCGUAUCUGUCACCUAUUCAUCGACUUGUAUUCUUUUGAAAUGAAAUGUCGGGGCCGGGUCGUUCUAUAUCGAUUCUGAUCGCGUGUCGAAAUUCCGCUUCGGCUUGCAGUGGUGCAGCGCUCCAGUGACAGCGCCCUUUGUCCCUUGUUAUUAUAACUGGGUUGCUUUGCGCUACCAGGUCCAGCAAAAACAUAUCGCCAUGAGUAGCUUCCGCACACCAGACG
24,GACAUAGGCGUGGCGAAAGCUUUCUGCAUUUGACCGUUCAUAAACAUCUUGAAUACAGGUGCUGACUCCGAGUGUCGUGCAAUUGGUAACUCUGAUUACGCAGGCUCCUUAACUCCUCCCCAUUUUCCUCGUCUAGGAUUCACGUGUGUUACUGGCGCCGCCAUUUUUAGUCGAGUACGCCGGCCGAAAGGAACCGGAUCGUCCUUCGUAGCACAGUAAUUGUCACCCACCUAUCGUAGAGACUAUUUGUCAACUGUGAAGGAUGUUCUAAUCCAAUUUCUUUUGAUUCCAGGUUAAUUUCUAUAAUGGCUGGAGGGUGUAGUACCAAGUAUUAACUAUGCAUAUCAUCCGUCCGUCCGACACAGGCUGCCGCGACGCGUAGAUUACACCGGCUAAAGCACCCCCGCUAGAACCAAUGAAGUCGGCAGGUAGAAAAUCAACUAUAGUAGUCUUCUACUGCUUGUGAAUUAUUAGCAAUUUGGCAUCUAGAGGGAAAUCUCCCCCGCGUCCUGAGAUUUACUAUCCCCUAGCGAAUGCUCCUAGGACAAAAACAUUAUAAUCGCAUAACGGUGGAGCUUGAUAGGGGGCUCCGCGUGCCUA
25,CUGUGAGUCCAUACACUUGCGUGUCCUCGUCCGGAAUGAAUGGGUCUCCAAGAUAGUGAUGCACGGAAGGGUUGGAUUAUUCCAACUACUGUGCGAGAAAUGUUCAGAGCCAGCGGGGUCAUUGUCAAAAUCUGUAAGAGGUAACUCUGGCGUUGGCGGCCGCUAGGACACUUUAACAUCAGGAAAGCUGUGCGUCUAUAAUUACGGCGCUCCGUGGUCCGGCGACCAGGAGUAUUCACGCACAAGAAGUGGUCUCUUAAACUGUCAGCCGUUCGCUUCGGCUGUGAGGGGGUAACUUCCAUGACCCUUAAAUGAGGCAGUCUGAGGACCACCUUUUUAUAAACGGAAUCUACCGGGGUGGCAAGCGCGACAACAAUUUUGUUACGGGCAUCCAUUUGAUACCCUCGAUGAGUCCGAGUCUUAUUUGGGUUAAUAUAGCCCCUUGUAAUUGACAGCAUGAGUCUCAGGAAGGCAUCACAAACCCGUACUGCAGUAUUAAGACCACGGUCUAAUCAAGCUUUAGAUUGGAUAGGGUCAUCACCAAGAUUCAAUUUGUUGACAUACAAAAAAUCCGGCUGUAUAGAGUUAUUUUGGAUUGUC
