chr,start,end,strand,gene_id,gene_name,id,seq_len,sequence
chr1,14404,24894,+,ENSG00000290825.2,DDX11L16,ENST00000832823.1,410,TTTCTGCTCAGTTCTTTATTGATTGGTGTGCCGTTTTCTCTGGAAGCCTCTTAAGAACACAGTGGCGCAGGCTGGGTGGAGCCGTCCCCCCATGGAGCACAGGCAGACAGAAGTCCCCGCCCCAGCTGTGTGGCCTCAAGCCAGCCTTCCGCTCCTTGAAGCTGGTCTCCACACAGTGCTGGTTCCGTCACCCCCTCCCAAGGAAGTAGGTCTGAGCAGCTTGTCCTGGCTGTGTCCATGTCAGAGCAACGGCCCAAGTCTGGGTCTGGGGGGGAAGGTGTCATGGAGCCCCCTACGATTCCCAGTCGTCCTCGTCCTCCTCTGCCTGTGGCTGCTGCGGTGGCGGCAGAGGAGGGATGGAGTCTGACCTGCCAGGGAGTGCTGCATCCTCACAGGAGTCATGGTGCCTG
chr1,28977,31109,+,ENSG00000243485.6,MIR1302-2HG,ENST00000834618.1,468,GAGTGGGGAGGCGGAACCGGGACCCCGCAGAGCCCGGGTCCCTGCGCCCCACAAGCCTTGGCTTCCCTGCTAGGGCCGGGCAAGGCCGGGTGCAGGGCGCGGCTCCAGGGAGGAAGCTCCGGGGCGAGCCCAAGACGCCTCCCGGGCGGTCGGGGCCCAGCGGCGGCGTTCGCAGTGGAGCCGGGCACCGGGCAGCGGCCGCGGAACACCAGCTTGGCGCAGGCTTCTCGTTTTGTCCGCCTTCCCTGCCTCCTCTTCTGGGGGAGTTAGATCGAGTTGTAACAAGAACATGCCACTGTCTCGCTGGCTGCAGCGTGTGGTCCCCTTACCAGAGTGAGGATGCGAAGAGAAGGTGGCTGTCTGCAAACCAGGAAGAGAGCCCTCACCGGGAACCCGTCCAGCTGCCACCTTGAACTTGGACTTCCAAGCCTCCAGAACTGTGAGGGATAAATGTATGATTTTAAAGTC
chr1,34553,37595,-,ENSG00000237613.3,FAM138A,ENST00000834250.1,1015,AGGAAACACCTTCTTAAGGGTTGGAGTTATCTCTGTGCATCCCATCCCCACCCCACCAAGCCGCCCTTGGCCCTGCCCTCAGGAGCCTCTGCTTGGCCTTGCTAATTCCTCTCTTCTCCCTGAAGCTAGAGTGAGGTCCCTCTTGGCAGCCTTTGTATCTAGAGAGAGCCGTCCAATAGAAACATAAGAGACAAAGTCTCACTATGTTGCTCAGGCTGGTCTTGAACTCCTGGCCTCAAGCGATCCTCCCACCTCAGCCTCCCAAAGTGTTGGGATTATAGACATGAGCCACTGCACCTGGCCGACCTTGGGCAAGTTCTTAAACCCTTCAAAGCCTCATTTTTCTCCAATCACAAAAGGGAAAGATGGTAATATTTTCCCCACCAAATTCTTGTCGGATGCCCTCACAGAATTGAGATTATGTACGTAAAACACCAGGTGCCTAACCCGGCACAGAGCAGGAGGGCTAAGCGTGACATCCAGCACGTGGTCAGTGGAATCCAGTATTCCTACCCACCTCTCTAGTCTCCCCTCCACCCCTCTCCCTTTCAGAGGCACCAAGCTGCTTGTGGTCTTGTCTATTCCCACTCCCTGCCTGACTGAACATTTTCTCCACCTCCTGATCATCAGCAGCAGAAACTGGCTGCTCTTCCTCCTGGGTAGACAGCCAGACTGTATTTCCCAGCTGCCCCTGCAGTGAGATGTGGCCATCGGAGCCAGCATTGGCCAATGGACTCTGCATGGGAGTGACGCATGCTGCCTCCAGGCTTGTCCCTAAAACCTCCCACGTGTCCTCCGCCTGCTCTTCCCACCTCCAAGGAGCACGGCAATTGTGGAAGACCCAGATTAGTGATGGCAGAACCATAGATGGGAGGAACCTGGGTCCCTGACTTAAAGTATCATGGATTTGGATGTTCCCTTAGTGAGAAATAAACTTCCATTGTGTTTAAGCCTTTATTTGTTTATAGTTGGTTACAGCAACTGCCTTCTTTTAATTAAAACACTCCTGCTGCTT
chr1,36526,40778,+,ENSG00000308361.1,ENSG00000308361,ENST00000833573.1,319,CTCTCCCACCCAAGTGCTGGCATCCTCCCTGTCCTGCTTCACCTGAGACACCCCTTGTCTCATTAGACATGCAACTACGGGAGGGGTGACAGGAAGACAAGACACTATTTCCTCAGGCCCAGTTTGGTGTGGGGAGAAAGCCTCCTGATCCTGAAAGCAAGAATTTGACCAGAGCAGAAGTAATCAGTATGCAGATTGATTCTGTGGTTCTCTGTCACCCAGCCTGGAGTGCAGTGACATGATCTCGGCTCACTGCAACCTCTGCCTCCCCAGGCAAGAAAAGGGGAGGATGCCAATAAAGGATGCATTGATTTGTATT
chr1,51891,63526,+,ENSG00000290826.2,ENSG00000290826,ENST00000832531.1,963,AGAGTACCTCCCCTAAGGGTACATGCAGATAAATACAGTTAAGGCGATTAACATTTCAAATACGGTGACTGTTTCTTACGTGGACGACGTTGTGTTGAACATGGGATCTACACATTAAGAAACAAAGACATGAACGTCTCCATGGAAAGACTGGGAAAATGGATTGCAGGTTCTAGCAGGATGTCATAATAAATGGAAAGATGACAAACTCTATGGAAACTTGGCTTCTGAAGAACTCCTAGAAGCTTTCCAAAGTCATCAGTGTTTCCTAAGAAGGCAGAGAAATCAAACACATGGTCTTTTCCTCCAGACAAGCTCCTTTGGGTCATCAGGATTTCTTCAACAATAAAATGTTGCTTCAGAGTCTTCCCTTCTATCTGATTCAGTGGACCAAGTAAATGACTCTCTGGTAACAGAATTTGTATTACTTGGACTTGCACAATCCTTGGAAATGCAGTTTTTCCTTTTTCTCTTCTTCTCTTTATTCTATGTGGGAATTATCCTGGGAAAACTCTTCATTGTGTTCACAGTGATCTTTGATCCTCACTTACACTCCCCCATGTATATTCTGCTGGCCAACCTATCGCTCATTGACTTGAGCCTTTCATCTACCACAGTTCCTAGGTTGATCTACGATCTTTTTACTGATTGTAAAGTTATTTCCTTCCATAATTGCATGATACAAAAGTTCTTTATCCATGTTATGGGAGGAGTTGAAATGGTGCTGCTGATAGTCATGGCATATGATAGGTACACTGCGATCTGCAAGCCTCTCCACTATCCAACTATTATGAATCCCAAAATGTGCATGTTTTTGGTAGCAGCAGCTTGGGTCATTGGGGTGATTCATGCTATGTCTCAGTTTGTTTTTGTCATAAATTTACCCTTCTGTGGCCCTAATAATGTGGGGAGCTTTTATTGTGATTTTCCTCGGGTTATTAAACTTGCATGCATGGACACTTA
chr1,91177,181207,-,ENSG00000241860.8,ENSG00000241860,ENST00000831081.1,1291,GCGCGGCGCGCCTCTCTGCGCCTGCGCCGGCGCGGCGCGCCTCTCTGCGCCTGCGCCGGCGGAGTTGCGTTCTCCTCAGCACAGACCCGGAGAGTACCGCGAGGGCGGAGCTGCGTTGTCCTCTGCACAGATTTCGGTGGTACTCTGAAGGCGGAGCACAGTTCTCCTCAGATGATGATTATTCCCCACCTTCTAAGAGACAAAGACCAACGAGCCACCACAGCCACCAGTCCCAGAACCTGCCAATGCTGGGGAACGGAAAATGAGGGAGTTCAACTCTGGCCCTCACAATCCAGTGGAGGAGACGAAACTCATCTGCCTCTGTCCCTCTGGGCACGCCTCATGCCAGGTGCATCTGTGGACAGGGGCCATGCCCCTGGGCTTCCAAAGTTGGAGAGAGCTGCCAGGCTCAGGTCTGAAGGCCAGAATTCTACAGTAAGTCCTACTGAGTCAAGGTGGGAGCAGGGTCGGTAGCTTCCGAGGCTCTGCGGGAGAATCCGTTTCCTGGCCGTAGAGGTGGCCTGCACTCCGCAGCTTGTGCTGCCCGTCTCGAATGACTGGAGTTTCCTGCTTCTGTCACTACACCTCCCACCCTCTCCATCACCTGCTCTGCTCTTACAAGGATCCGAACATGAACTTATGAATTCAACAGGTGAAGATTTACAACTTGATAAATCAACTTTGTCAGACCAAACCAATGCAGACCAAACCAATGCAGAACTCCTATGTGCTGATGGTGGTCTTACATTTCCCTAAGTTTCTGCCGACTAAACTGTGCACACGTTCTCAGGACCTCCTGAAGCTGCGTCACAGGCACTAATCAAAGAACACAACCAAGAGTTTGGCCTTTTCTTCAGCACTGGGAATTGTGATCCAAAGCTTTTCCCGATGAAGCACAAAGTTGGAGAAAAAAAAACGCAAACTAAACAACCACAATGAAACAGAACAGAGTTAATCTGCTGTAGCTCAAGAGAGGATGTACCTGCCCCCACCCCGCATCCCTGGGCTCGGGTTTGCCTTGCTGACCTCTGCTGCCACCTGGTGCCACACAGAGAAACTGAGGAGAAACCACATCAGTCTCCTTCAGCCTCAGCTTCACATCTGTGGGTCAAGCAACCCTTTCAGAAGCTGTATAATGTGGGAAAGCTTTCCTCTCAGGAAAATGCACACATCCAACTTTGAGAAGATGCCCTTGGGGGCGCTTCAAGGATTCTAGATAATAACCCCCTTTCCCGAACATCCAAGAACCTAAGATTTTTTTTTTTTTGAGAAAGTCTCGCTCTCTCTCCCA
chr1,89551,91105,-,ENSG00000239945.1,ENSG00000239945,ENST00000495576.1,1319,TCAGCCTCCCAAGTAGCTGGGGCTACAGGCACCTGCCACCAAACCCGGCTAATTTTTTTGTATTTTTAGTAGAGACGGGGTTTCACCGTGTTAGCCAGGATCGTCTTGATCTCCTGACCTTGTGATCCACCCGCCTCGGCCTCCCAAATTGCTGGGATTACAGATGTGAGCCACCGCACCTGGTCCAAGAACCCAAGTTTTAGATCTAGAGTGATGTCAGCATGACATTGATTTCCTGAGGCCCAGGGGCGAAGGAGCTGAGGACAGCAGAGGGGTGAAGGAACTCAGCTACAGACAGCAGCAGCTGATGCACAGGCCTCCCAGCGCCTGAAGTCACCCGGAATTGGGAAGTGCTCAGAAGCTTACAAAGCTGCCTCGAGGTGGGAACATGACATAAATCCAAGAGCAGATCCCTGATCCTATAAAAATGTACTAGATGCAGTGGGGGCATTTTAAATGAGCAGAGAAGGACAGACAGATAAACAGAAGGACAAACAGTATTGGGATTGGGATAAATGCTCAGCTTTTGCCCAAATCTTAGTGACTTAAGCATCACTTATTTGCTCACGATTCTGTGGCTGGACCATTTGGTTTGGCTCACAGGGCAGGGACTGTGCTGGTCTTACCTGAGCAGACCTGCATGTCTGCGGTCAACTGGGTTGGCAGAGACAGAGTGACTGTCTTCCTCCAGGAAGCAGCAGGTTAACTGGTTGGCAGAGACAGAGGGACAGAGGGACTGTCTTCCTCCAGGAAGCAGCAGGTTAACTGGTTGGCAGAGACAGAGGGACAGAGGGACTGTCTTCCTCCAGGAAGCAGCAGGTTGGCTCTGTTTCCTTCGTGGGGCAGCTGGTCTCCAGGGCAGCAAGAGAGACCAAGCCCCAGTGCACATTCTACAGCCTCTGTGCACATCAGACTTGTTAATATCCCATTGGCCAGTGTAAGTCACTTGGCCAAGCCCAGATTAAGGAGTGGAAAGATGGAGGCTATCTCCTCCTGGGAGAGGAGGCAAAGGAGGTGGGAGTATTATGTGGCCACTTATGTTTGCAATCTACCATACTTAGCACTTTGAGAAAAGAATTAACTGAGAAACTTGCTTCAAATAGGGCCAGTAAAATGAAGCCCCAATTGAAGTAAAATGCATATATAAAAAATGAAACTGTGACCGATTTTAAGGACAGTATTGGCAAATATTTCTGTGCTCTTGGAGGAGAAGACCCTTATTGGCATGACATGTCAGAAACCACAATGAAAGAATTATTTTAACTTGCATTCATAAAAATTAAAATTATTCATTAAAAACATCGTGAATGAAATTAAAA
chr1,96638,105742,+,ENSG00000308314.1,ENSG00000308314,ENST00000833190.1,1280,AAATTCGTTCAAGCAGCCATTCTGAAGGACAAACTGGCTCTGTATTTAAGAGGGGCATTCCAGCACTTCTCTAGCCACTGGGTTGACAATGACTCACCAAAGCCTCTGGTAGCCACCACAGGACACCCAGAGCATATGTTTTAAAGCTGAACACCAAACTGCGGACTTCGGGAACCCAAACACACTTGGAGGTCATGTTCAATATGAATACCTCACAGAGAAGGAAATTTACACGCGAGAAGTACATCTGCAGAAAGCCAGCTGGCATGTCAACCATTCAAAAACTCAGGGTGTTCTGGATAAAGAAGACTCAGGAAGACAAGTATGAAGCATAATCTGTGACATTCCATGCGGCAGACATTAGACACATACAAGAGAGTTGTTGGAAAGCGGAATTTATCTTCATATAAACAACACTGAGCTAAATCTCAATATTTCAGATCTCTAGAACTATCCATCAGTGAAATGGATTGCAAATACAAAGAGTAATACCATGTCACTTAAGAATAGAATCATGGACGAGGCTGCCACCTGCTGTTGGGGGCCACTGCAGAAGAAATTCCAGAACACTGGACTGGAGAGCACCTCACTTTCCTTACAGCTCTAAGTTTCTGACTCAGTGACCTGATTCACTACCATATACACAAAGACCCACTTACACAAATGACTGTTCTTCACACTAGGCCCATGGAGACAGGGATAAAATTCTGAATTTGCTCAGATACCTTCTCCGCTACTGACATCTAGGCATTACACAATTCATCTCTTCATATTTAACCTTTGAAGTTTGCTACTTCTCAGAGAGACTAATGAGTAGTGAGCAAATATCCTGAAGCTGAGAATGCTTCTACCTCCTCTCAAAACAACGGAATATTCATCAAAACACAGCAGTTCTGCACTTAACTTTAGGCCTTTTCTAACACCTTGTTTCTTGGCAGTAACTGTGGCCAGAATAGCTCTTTCCACAGATAAAGGACCTTTTGAAAGGATAGGGTCTCTAGATAGAAAAGCAAATGCCTCATTCCAGAAGGTCTTCAAGAAGAAAATGTTGTGGTGATAACAAACATAACTGATTATAATCTATTCTGTGAAAAAAGCTTATGAAACAGTAGATGTGTGTATCTAGTACATAAGAGCTGAATGTCAATATATATATAGATATATACACACACTCAAATAAATAATAGTTATCTCTAACTAGAGAAATTCTAGTTGCCTTATATTTTCTTCTTTTTCCTTACTATATTTTCTACAATAAACATGTGTTTTTAACAAGAAAA
chr1,134914,136246,-,ENSG00000308579.1,ENSG00000308579,ENST00000835176.1,797,ACCGGCCCCTCCCACGCGGACAGAGGTCAGCGTGACCCCCTGCCTCAACAGGCCACCGTGAGGGAGGAACAGGATCGCACTCGGGCTGCTGGGAGGCCCCAAATGGCCTCCGGTCGGTGGGCTCCTCTAGGCCCAGCTTGGGCCTCCCGGCGGCCTCCGCAGGCCCAAATCGTCCCGAAGTCAGTCTCTCCAGGCTTAGCTCCAGCCTCCCGGCGGCCTCTGCAGGCCCAAGTCGTCCTCAAGTCGGCCTGGAAGTGGGCCTGGAAGAGCAGCAAGTCGGCCTCCCTGGGCCCAGCTCCGTCCTCTCGACGGCCTCTCCAGGTGCAAAACTTCCTCGAGTCAGCCTCTCCAGGCCCAGCTCCTCCTGCCTCCCAGTGGCCTCTTTCGGCCCAGCCCAGCTCATGGCTCTCGGCGGCCTTCCCAGGCCCCGCTTTTGACTTTTGGCAGCCTCTTCAGGCGCAGAACTTGATCTCCAGTCGGCCTTTGCAGGCCCGGCCTCCTGCGTCTCGAAGGCCTGCACGGGCCCAGCCTCGGCCTCGGCCTCACAGCGGACTCTCCACGCCCAGCTAGCTCTCGCCTCACTGCGGCCTCCCCAGTCCAAAGCTCCTGCCTTTCGGCCACTTCGGCAGGTCCAGCTCCTGCCTGCCAGTGGCCTCTTTAGGCCCAGCTCATTCCTCACGTCGGCCATTCCAGGCCCTGTTTTTCCCTTCCGGCAGCCTCTTGGCCTCTAATTTGTTTATCTTTTGTGTATAAATCCCAAAATATTGAATTTTGGAATATTTCCACCATTATGTAAA
